brand_name,secondary_category,review_count,avg_sentiment,avg_rating,rec_pct,neg_pct,brand_health_score
Algenist,Value & Gift Sets,259,0.9179,4.795,98.1,0.39,0.9651
MARA,Cleansers,241,0.8665,4.88,98.3,2.07,0.9625
MARA,Moisturizers,468,0.828,4.897,99.1,1.28,0.9601
Benefit Cosmetics,Masks,1178,0.8723,4.744,97.6,0.93,0.9522
Saint Jane Beauty,Sunscreen,293,0.8324,4.833,97.3,2.05,0.9493
DAMDAM,Cleansers,502,0.8526,4.761,96.2,1.2,0.9441
Supergoop!,Treatments,370,0.8443,4.73,97.0,2.43,0.944
Glow Recipe,Value & Gift Sets,404,0.8461,4.748,96.5,2.72,0.9434
Sulwhasoo,Value & Gift Sets,302,0.9088,4.702,94.4,0.99,0.9429
FaceGym,Treatments,223,0.8455,4.735,96.0,0.9,0.9403
Farmacy,Eye Care,572,0.8664,4.699,95.3,3.15,0.939
The Outset,Cleansers,295,0.8532,4.729,94.6,1.36,0.9357
LANEIGE,Treatments,545,0.8276,4.67,96.0,2.02,0.933
Fenty Skin,Masks,392,0.825,4.684,95.7,2.55,0.9323
StriVectin,Treatments,298,0.7911,4.742,96.0,4.7,0.9312
alpyn beauty,Cleansers,507,0.8466,4.726,93.7,1.97,0.9308
Dermalogica,Value & Gift Sets,559,0.8511,4.628,95.0,2.33,0.9307
Gucci,Moisturizers,451,0.8547,4.665,94.2,1.11,0.9306
DAMDAM,Moisturizers,562,0.81,4.719,95.0,2.14,0.9293
Benefit Cosmetics,Cleansers,1640,0.8363,4.645,94.9,2.13,0.9287
alpyn beauty,Masks,349,0.841,4.682,94.0,3.15,0.9282
Nécessaire,Moisturizers,226,0.8127,4.69,94.7,3.1,0.9266
RANAVAT,Treatments,216,0.791,4.782,94.0,3.24,0.9257
alpyn beauty,Treatments,455,0.8472,4.664,93.0,3.08,0.9241
The Outset,Moisturizers,454,0.8181,4.696,93.6,2.2,0.9236
ROSE INC,Cleansers,368,0.8238,4.685,93.5,2.17,0.9234
FaceGym,High Tech Tools,435,0.845,4.621,93.6,2.3,0.9234
LAWLESS,Treatments,251,0.8658,4.598,92.4,3.59,0.9211
Benefit Cosmetics,Moisturizers,718,0.8383,4.597,93.6,1.25,0.9209
fresh,Treatments,3023,0.8238,4.664,93.0,2.48,0.9201
Farmacy,Masks,979,0.8328,4.624,93.1,2.86,0.9195
Naturally Serious,Treatments,674,0.7718,4.666,94.8,4.6,0.9184
Dermalogica,Cleansers,9227,0.7975,4.636,93.9,3.44,0.9176
Dr. Zenovia Skincare,Moisturizers,896,0.7625,4.635,95.4,3.13,0.9173
Glow Recipe,Lip Balms & Treatments,1049,0.871,4.575,91.6,2.48,0.9173
Glow Recipe,Masks,982,0.8089,4.592,93.9,3.26,0.9166
Dermalogica,Mini Size,6863,0.794,4.637,93.7,3.56,0.9161
REN Clean Skincare,Treatments,683,0.816,4.57,93.7,2.34,0.9157
Sulwhasoo,Treatments,2078,0.827,4.585,92.4,2.6,0.9134
Dermalogica,Treatments,2515,0.8023,4.575,93.4,3.46,0.9122
MERIT,Treatments,488,0.789,4.639,92.8,3.69,0.9119
ROSE INC,Treatments,433,0.8425,4.529,91.9,1.85,0.9107
WASO,Masks,978,0.7772,4.584,93.9,3.07,0.9105
innisfree,Moisturizers,873,0.7953,4.615,92.4,3.32,0.9099
Shiseido,Treatments,1815,0.7888,4.563,93.3,2.53,0.9088
Lancôme,Moisturizers,4860,0.8114,4.544,92.5,1.95,0.9086
Shani Darden Skin Care,Cleansers,340,0.7976,4.594,92.4,2.65,0.9086
Dr. Lara Devgan Scientific Beauty,Eye Care,268,0.6282,4.817,96.3,4.1,0.9086
belif,Sunscreen,423,0.7666,4.525,94.6,2.6,0.9077
innisfree,Masks,1200,0.7746,4.615,92.8,3.25,0.9075
Skinfix,Treatments,1806,0.7699,4.606,93.1,4.82,0.9074
Dermalogica,Moisturizers,2424,0.7885,4.56,93.0,3.63,0.9074
KORA Organics,Cleansers,749,0.865,4.518,90.1,2.0,0.9067
innisfree,Treatments,502,0.7776,4.588,92.8,3.19,0.9066
Dr. Lara Devgan Scientific Beauty,Treatments,629,0.6473,4.801,94.8,5.56,0.9049
alpyn beauty,Moisturizers,721,0.8293,4.526,90.4,3.61,0.9022
Dr. Jart+,Eye Care,433,0.7444,4.547,93.8,4.16,0.902
Dermalogica,Sunscreen,652,0.7822,4.551,92.0,4.91,0.9019
Nécessaire,Sunscreen,452,0.8125,4.533,90.7,4.42,0.9009
Wishful,Treatments,434,0.7474,4.611,92.2,4.84,0.9001
OLEHENRIKSEN,Masks,3297,0.8172,4.454,91.5,2.91,0.8999
Augustinus Bader,Cleansers,661,0.8157,4.483,91.1,3.48,0.8997
Sulwhasoo,Mini Size,1661,0.7927,4.541,90.8,3.97,0.8984
bareMinerals,Treatments,3727,0.7774,4.434,93.1,2.28,0.8982
Freck Beauty,Cleansers,208,0.7606,4.529,92.3,3.85,0.8979
Caudalie,Eye Care,578,0.7847,4.529,91.2,4.15,0.8976
Sulwhasoo,Moisturizers,939,0.7913,4.522,90.7,2.98,0.8965
iNNBEAUTY PROJECT,Moisturizers,582,0.7794,4.574,90.4,4.3,0.8963
RANAVAT,Cleansers,349,0.7231,4.553,93.1,2.58,0.8961
GUERLAIN,Treatments,467,0.7947,4.563,89.7,3.0,0.8957
MILK MAKEUP,Cleansers,1092,0.7868,4.493,91.0,4.58,0.8951
Prima,Moisturizers,791,0.7521,4.436,93.2,5.82,0.8941
Dermalogica,Masks,689,0.745,4.507,92.3,5.37,0.8938
Dermalogica,Eye Care,1481,0.7689,4.488,91.4,3.65,0.893
Dr. Zenovia Skincare,Cleansers,842,0.7327,4.508,92.6,4.87,0.893
KORRES,Masks,506,0.7624,4.502,91.3,5.14,0.8925
fresh,Moisturizers,6592,0.7959,4.544,89.1,3.55,0.8921
Dior,Cleansers,574,0.828,4.425,89.4,2.44,0.8915
Dior,Moisturizers,3533,0.8227,4.454,89.0,2.97,0.8911
Alpha-H,Treatments,1120,0.7535,4.484,91.5,3.93,0.8907
First Aid Beauty,Sunscreen,246,0.7605,4.488,91.1,5.69,0.8903
ILIA,Eye Care,460,0.8258,4.391,89.6,2.39,0.8897
Paula's Choice,Treatments,2357,0.7285,4.566,90.9,5.81,0.889
Dr. Zenovia Skincare,Value & Gift Sets,297,0.7157,4.508,92.3,7.41,0.8886
Shiseido,Sunscreen,9118,0.7827,4.466,89.9,4.23,0.8884
Farmacy,Treatments,2193,0.8103,4.453,88.8,4.42,0.8879
Fenty Skin,Treatments,383,0.7106,4.512,92.2,6.01,0.8875
Skinfix,Cleansers,1497,0.7324,4.57,90.2,5.88,0.8873
Peace Out,Cleansers,245,0.709,4.559,91.4,8.57,0.8872
WASO,Cleansers,506,0.7731,4.425,90.5,2.96,0.8864
Dr. Dennis Gross Skincare,Moisturizers,733,0.7568,4.577,88.8,5.05,0.8863
WASO,Eye Care,368,0.7394,4.432,91.6,2.99,0.8852
BeautyBio,Value & Gift Sets,221,0.7392,4.525,90.0,7.69,0.8848
GUERLAIN,Mini Size,1235,0.8417,4.343,88.3,2.51,0.8843
LANEIGE,Masks,1450,0.7236,4.548,90.1,5.59,0.8839
Josie Maran,Eye Care,642,0.7713,4.478,89.1,5.92,0.8837
GUERLAIN,Moisturizers,1252,0.8409,4.341,88.1,2.48,0.8834
WASO,Moisturizers,1030,0.7568,4.428,90.4,3.59,0.8833
Sulwhasoo,Cleansers,684,0.7465,4.497,89.5,5.85,0.8821
HABIT,Sunscreen,457,0.7777,4.519,87.7,5.25,0.882
OLEHENRIKSEN,Moisturizers,6531,0.7793,4.424,88.8,4.39,0.8805
belif,Cleansers,3063,0.7647,4.389,89.8,4.51,0.8799
Dr. Zenovia Skincare,Treatments,1178,0.685,4.445,92.4,5.35,0.8799
Moon Juice,Mini Size,499,0.6475,4.579,91.8,11.02,0.8791
Summer Fridays,Moisturizers,1614,0.7687,4.479,87.9,4.21,0.8786
Paula's Choice,Eye Care,384,0.7408,4.458,89.3,6.77,0.8781
RANAVAT,Moisturizers,293,0.7268,4.444,90.1,3.41,0.8778
Murad,Sunscreen,820,0.7401,4.557,87.7,5.49,0.8776
Tatcha,Treatments,4708,0.7807,4.423,88.0,4.12,0.8774
Glow Recipe,Treatments,8615,0.7602,4.464,88.2,5.25,0.8772
belif,Eye Care,2964,0.7111,4.466,90.2,5.63,0.877
Dr. Jart+,Sunscreen,809,0.7455,4.426,89.2,6.06,0.8766
goop,Cleansers,2582,0.7705,4.405,88.5,4.14,0.8766
BeautyBio,Treatments,228,0.7522,4.417,89.0,4.82,0.8763
KORA Organics,Moisturizers,2532,0.7919,4.475,86.3,4.54,0.8758
OLEHENRIKSEN,Eye Care,1765,0.786,4.35,88.2,4.42,0.8745
Saint Jane Beauty,Treatments,511,0.7367,4.505,87.9,5.48,0.8744
KORRES,Cleansers,4180,0.8039,4.566,83.9,2.97,0.8743
SEPHORA COLLECTION,Moisturizers,1111,0.7561,4.449,87.8,5.49,0.8743
innisfree,Sunscreen,1464,0.6773,4.538,89.8,7.92,0.8736
TULA Skincare,Sunscreen,259,0.7618,4.409,88.0,4.63,0.8735
iNNBEAUTY PROJECT,Treatments,1324,0.7091,4.498,88.9,7.02,0.8733
Paula's Choice,Moisturizers,553,0.7253,4.468,88.6,6.51,0.8731
La Mer,Treatments,766,0.7631,4.473,86.7,5.35,0.8723
Dr. Lara Devgan Scientific Beauty,Lip Balms & Treatments,514,0.6762,4.57,88.9,7.0,0.8721
GUERLAIN,Cleansers,834,0.8054,4.257,87.9,2.52,0.871
Dior,Eye Care,1198,0.7958,4.332,86.9,3.59,0.8701
Estée Lauder,Eye Care,1824,0.7354,4.346,89.3,4.22,0.87
Dior,Treatments,812,0.7476,4.395,87.9,4.43,0.8698
Freck Beauty,Moisturizers,223,0.7647,4.381,87.0,5.38,0.8681
Youth To The People,Treatments,1772,0.7188,4.457,87.8,6.15,0.8679
Herbivore,Eye Care,325,0.7338,4.434,87.4,6.46,0.8676
belif,Lip Balms & Treatments,1964,0.7135,4.407,88.4,4.94,0.8664
KORA Organics,Treatments,942,0.7651,4.325,87.4,5.2,0.8662
Skinfix,Eye Care,1208,0.7342,4.426,87.1,6.79,0.866
IT Cosmetics,Treatments,881,0.7313,4.326,88.8,4.31,0.8659
Biossance,Treatments,2338,0.7264,4.403,87.5,5.99,0.8649
Charlotte Tilbury,Eye Care,1353,0.758,4.342,86.9,4.36,0.8642
Paula's Choice,Cleansers,2067,0.6348,4.513,89.1,9.97,0.8619
iNNBEAUTY PROJECT,Cleansers,365,0.6844,4.427,88.2,7.95,0.8619
Clarins,Eye Care,1321,0.7302,4.337,87.5,5.37,0.8614
Dr. Jart+,Cleansers,1318,0.73,4.311,87.8,5.39,0.8608
LANEIGE,Moisturizers,3911,0.7435,4.373,86.2,5.47,0.8607
IT Cosmetics,Cleansers,955,0.7107,4.464,86.2,5.86,0.8606
Shiseido,Moisturizers,3219,0.7692,4.527,82.6,3.14,0.8605
Summer Fridays,Eye Care,381,0.7671,4.36,85.0,4.72,0.8594
EADEM,Treatments,221,0.7048,4.434,86.4,8.6,0.8587
Augustinus Bader,Moisturizers,1218,0.7612,4.328,85.6,5.99,0.8587
Josie Maran,Cleansers,678,0.7704,4.245,86.3,3.83,0.8578
Estée Lauder,Moisturizers,6729,0.7701,4.275,85.8,2.7,0.8576
Kiehl's Since 1851,Moisturizers,4822,0.6958,4.412,86.9,6.78,0.8575
Sunday Riley,Eye Care,3412,0.7437,4.334,85.9,5.74,0.857
Moon Juice,Treatments,622,0.706,4.441,85.9,7.72,0.857
NUDESTIX,Moisturizers,226,0.8276,4.124,85.4,2.21,0.8567
Charlotte Tilbury,Moisturizers,3865,0.7497,4.323,85.6,4.76,0.8564
goop,Mini Size,4434,0.7643,4.298,85.3,4.42,0.8562
OLEHENRIKSEN,Treatments,3874,0.7564,4.295,85.7,5.89,0.8561
StriVectin,Moisturizers,605,0.7021,4.375,86.8,8.26,0.8559
TULA Skincare,Moisturizers,1265,0.7583,4.231,86.5,4.66,0.8556
iNNBEAUTY PROJECT,Lip Balms & Treatments,206,0.7344,4.422,84.5,4.85,0.8553
Lancôme,Eye Care,2129,0.7443,4.372,84.8,4.84,0.8553
Peter Thomas Roth,Sunscreen,656,0.7307,4.386,85.1,6.1,0.8547
innisfree,Cleansers,287,0.7364,4.411,84.3,6.62,0.8543
WASO,Treatments,804,0.7029,4.31,87.3,5.35,0.8541
CAY SKIN,Sunscreen,502,0.7599,4.313,84.7,5.98,0.8537
Farmacy,Cleansers,15912,0.7004,4.475,84.6,6.37,0.853
Wishful,Moisturizers,1367,0.736,4.338,85.1,5.93,0.8527
SEPHORA COLLECTION,Eye Care,610,0.7117,4.328,86.1,6.39,0.8518
Shani Darden Skin Care,Treatments,1396,0.6761,4.383,86.6,8.67,0.8511
Moon Juice,Wellness,833,0.6431,4.424,87.4,11.76,0.8511
Lancôme,Value & Gift Sets,1062,0.7432,4.239,85.8,5.93,0.8506
REN Clean Skincare,Eye Care,370,0.6889,4.303,87.0,8.11,0.8501
SOBEL SKIN Rx,Treatments,307,0.6903,4.303,87.0,6.84,0.8501
LANEIGE,Value & Gift Sets,303,0.6991,4.413,84.8,7.59,0.8499
LANEIGE,Cleansers,367,0.743,4.327,84.2,4.9,0.8498
PROVEN Skincare,Value & Gift Sets,209,0.7586,4.34,83.3,8.13,0.8495
TULA Skincare,Treatments,541,0.7659,4.224,84.7,4.25,0.8492
SK-II,Eye Care,747,0.729,4.323,84.6,4.82,0.8487
Kiehl's Since 1851,Masks,1312,0.6786,4.389,85.7,7.39,0.8486
Bobbi Brown,Moisturizers,3872,0.7911,4.532,78.2,3.59,0.8468
Summer Fridays,Treatments,1612,0.7174,4.379,83.4,6.7,0.8452
Kiehl's Since 1851,Cleansers,2384,0.6915,4.391,84.1,7.13,0.8443
Wishful,Cleansers,2674,0.6843,4.332,85.1,9.09,0.8433
Herbivore,Treatments,1046,0.731,4.319,83.2,6.69,0.8431
TULA Skincare,Eye Care,1063,0.7756,4.127,84.2,4.33,0.843
St. Tropez,Self Tanners,4395,0.7532,4.365,81.4,5.6,0.8428
Summer Fridays,Lip Balms & Treatments,1200,0.7271,4.321,83.3,5.92,0.8428
The Ordinary,Masks,637,0.5743,4.367,89.2,11.46,0.8426
Glow Recipe,Mini Size,5505,0.7225,4.31,83.5,6.29,0.8424
Algenist,Eye Care,1377,0.7009,4.407,82.8,4.72,0.8417
PMD,High Tech Tools,801,0.7699,4.396,79.8,6.49,0.8411
Dr. Dennis Gross Skincare,Cleansers,1048,0.649,4.387,85.2,9.64,0.8411
alpyn beauty,Eye Care,262,0.7505,4.321,81.7,8.02,0.8406
Naturally Serious,Moisturizers,345,0.7149,4.319,83.2,8.12,0.8403
SEPHORA COLLECTION,High Tech Tools,769,0.6714,4.338,84.7,8.71,0.8398
Kiehl's Since 1851,Mini Size,4225,0.6569,4.39,84.5,7.76,0.8398
BeautyBio,Moisturizers,243,0.709,4.305,83.5,6.58,0.8398
Shani Darden Skin Care,Moisturizers,239,0.6846,4.335,84.1,7.53,0.8396
Fenty Skin,Lip Balms & Treatments,933,0.7258,4.312,82.6,5.68,0.8396
GLO Science,High Tech Tools,492,0.6957,4.341,83.3,7.93,0.8389
SEPHORA COLLECTION,Treatments,3962,0.6839,4.278,84.7,6.94,0.8383
Dr. Dennis Gross Skincare,Eye Care,637,0.656,4.344,84.8,9.58,0.8379
goop,Treatments,1475,0.7178,4.208,84.1,6.03,0.8377
IT Cosmetics,Moisturizers,6888,0.7226,4.297,82.4,6.1,0.8373
The INKEY List,Masks,227,0.6543,4.308,85.0,8.37,0.8364
Skinfix,Moisturizers,6734,0.674,4.338,83.6,9.43,0.8358
Peace Out,Moisturizers,221,0.6431,4.262,86.0,10.41,0.8353
goop,Eye Care,727,0.7133,4.204,83.6,6.33,0.8346
Youth To The People,Masks,2702,0.6698,4.339,83.2,8.25,0.8335
JLo Beauty,Eye Care,449,0.7604,4.156,81.7,4.68,0.8323
Glow Recipe,Cleansers,6444,0.714,4.245,82.0,6.87,0.8308
Dr. Jart+,Masks,3744,0.6885,4.395,80.7,6.44,0.8306
La Mer,Moisturizers,3255,0.7236,4.308,80.4,6.18,0.8299
LANEIGE,Lip Balms & Treatments,20514,0.6643,4.352,82.3,6.98,0.8298
Dr. Brandt Skincare,Masks,1731,0.7131,4.367,79.6,7.45,0.8287
The Nue Co.,Wellness,886,0.6422,4.29,83.9,7.45,0.8284
JLo Beauty,Moisturizers,1020,0.7676,4.154,80.3,5.39,0.8276
The Ordinary,Moisturizers,2293,0.5859,4.338,85.2,10.64,0.827
Charlotte Tilbury,Treatments,954,0.7581,4.159,80.4,4.82,0.8267
Dr. Barbara Sturm,Moisturizers,1721,0.7323,4.225,80.5,4.3,0.8266
Paula's Choice,Sunscreen,599,0.6645,4.285,82.5,8.18,0.8265
Lancôme,Treatments,2289,0.7478,4.417,76.7,4.63,0.8261
goop,Moisturizers,1613,0.7396,4.15,81.1,5.02,0.8257
Drunk Elephant,Mini Size,1299,0.6935,4.203,82.1,8.39,0.8251
Wishful,Mini Size,2212,0.6613,4.244,82.5,10.17,0.8237
JLo Beauty,Cleansers,363,0.7644,4.099,80.2,4.96,0.8231
Youth To The People,Cleansers,7775,0.6927,4.285,80.4,7.65,0.8231
Shani Darden Skin Care,Mini Size,1012,0.6378,4.257,83.0,10.38,0.8222
Fenty Skin,Moisturizers,1480,0.6863,4.2,81.6,7.43,0.8216
Farmacy,Moisturizers,5564,0.6745,4.297,80.5,9.0,0.821
KORA Organics,Mini Size,1657,0.6985,4.32,78.9,7.66,0.8205
Clarins,Treatments,2622,0.7588,4.244,77.3,3.97,0.82
Glow Recipe,Eye Care,2809,0.6696,4.23,81.5,9.22,0.8198
Tatcha,Eye Care,1544,0.7237,4.152,80.2,6.8,0.8196
SEPHORA COLLECTION,Wellness,721,0.6717,4.227,81.3,9.71,0.8194
Peace Out,Eye Care,1510,0.6869,4.214,80.8,7.95,0.8192
Youth To The People,Moisturizers,5581,0.6816,4.29,79.7,7.62,0.8188
belif,Moisturizers,14077,0.7058,4.511,75.2,5.83,0.8188
Glow Recipe,Moisturizers,4370,0.7227,4.186,79.5,6.38,0.8187
KORRES,Moisturizers,8810,0.7464,4.38,75.3,3.86,0.8181
Biossance,Cleansers,2014,0.701,4.201,80.0,7.2,0.8179
Biossance,Moisturizers,5254,0.6749,4.269,79.9,8.64,0.8172
BeautyBio,Eye Care,263,0.6709,4.179,81.4,8.75,0.8165
KORA Organics,Eye Care,808,0.7052,4.209,79.3,8.42,0.8163
Youth To The People,Mini Size,10267,0.6726,4.268,79.8,8.15,0.8162
OLEHENRIKSEN,Mini Size,588,0.7048,4.238,78.7,6.63,0.8157
Caudalie,Masks,1535,0.7359,4.547,72.0,5.47,0.8134
Fenty Skin,Value & Gift Sets,279,0.7212,4.068,79.9,6.45,0.8127
Kiehl's Since 1851,Treatments,4414,0.6567,4.178,80.8,7.97,0.8116
Skinfix,Masks,242,0.6663,4.161,80.6,8.26,0.8115
CAY SKIN,Lip Balms & Treatments,283,0.7002,4.173,78.8,6.71,0.8111
Estée Lauder,Treatments,6087,0.6895,4.1,80.3,5.63,0.8104
Peter Thomas Roth,Moisturizers,4219,0.6954,4.327,76.4,6.54,0.8103
The Ordinary,Cleansers,3898,0.569,4.255,83.0,11.62,0.8102
The Ordinary,Eye Care,249,0.6857,3.988,81.5,5.22,0.8079
Murad,Eye Care,1272,0.6821,4.351,75.8,8.02,0.8069
The INKEY List,Treatments,10529,0.5958,4.163,82.4,9.97,0.8067
REN Clean Skincare,Moisturizers,2738,0.6997,4.377,74.4,7.01,0.8061
Herbivore,Cleansers,1340,0.674,4.299,76.6,9.1,0.8054
Fenty Skin,Cleansers,1245,0.6808,4.135,78.7,7.95,0.8049
Murad,Treatments,7504,0.667,4.37,75.6,8.53,0.8049
ONE/SIZE by Patrick Starrr,Cleansers,253,0.6117,4.178,80.6,9.49,0.8032
Dr. Dennis Gross Skincare,Treatments,11494,0.6537,4.522,73.1,7.55,0.8019
Farmacy,Lip Balms & Treatments,834,0.5999,4.251,79.6,9.59,0.8016
Tatcha,Mini Size,11614,0.6685,4.182,77.6,8.58,0.8013
Estée Lauder,Mini Size,2423,0.6775,4.048,79.2,5.9,0.801
ONE/SIZE by Patrick Starrr,Mini Size,257,0.6035,4.171,80.5,9.73,0.801
Shani Darden Skin Care,Eye Care,254,0.5846,4.209,80.7,13.78,0.8007
Tatcha,Moisturizers,16976,0.6878,4.228,75.7,7.27,0.7999
Paula's Choice,Mini Size,412,0.5224,4.218,83.0,13.11,0.7996
Community Sixty-Six,Moisturizers,527,0.6377,4.068,80.3,8.73,0.7994
REN Clean Skincare,Cleansers,3057,0.6234,4.157,79.4,11.61,0.799
goop,Wellness,1136,0.7695,3.967,75.5,4.49,0.7972
OLEHENRIKSEN,Cleansers,8751,0.7075,4.349,71.8,6.7,0.7952
The Ordinary,Treatments,28705,0.5427,4.194,81.3,12.56,0.795
Origins,Mini Size,350,0.5852,4.174,79.7,11.43,0.7947
Mount Lai,High Tech Tools,303,0.602,4.129,79.5,12.87,0.7941
Tatcha,Cleansers,8417,0.6951,4.382,71.3,7.13,0.7932
JLo Beauty,Masks,307,0.7024,4.013,76.5,9.12,0.7924
Summer Fridays,Cleansers,313,0.6953,4.086,75.4,8.31,0.7912
TAN-LUXE,Self Tanners,1487,0.6582,4.058,77.1,9.82,0.7898
Dr. Jart+,Moisturizers,9538,0.6736,4.159,74.5,8.49,0.7883
Drunk Elephant,Treatments,12205,0.6439,4.284,73.8,9.9,0.7881
Peace Out,Treatments,8952,0.5538,4.14,79.8,13.46,0.7874
Wander Beauty,Eye Care,558,0.617,4.084,77.8,9.14,0.7868
JLo Beauty,Treatments,731,0.6941,4.029,75.1,9.3,0.7862
KORA Organics,Masks,582,0.6308,4.098,76.8,10.82,0.7862
TULA Skincare,Cleansers,1045,0.6981,3.952,75.6,6.89,0.7841
Dr. Barbara Sturm,Mini Size,1732,0.6968,3.983,75.2,6.24,0.7841
Dr. Barbara Sturm,Treatments,1958,0.686,3.996,75.3,6.54,0.7836
Kiehl's Since 1851,Eye Care,3290,0.6199,4.055,77.2,9.67,0.7833
Tower 28 Beauty,Moisturizers,848,0.5372,4.163,78.8,14.03,0.7818
Drunk Elephant,Masks,3653,0.6057,4.252,74.3,11.47,0.7816
Supergoop!,Mini Size,4711,0.619,4.196,74.4,10.42,0.7809
Mount Lai,Wellness,406,0.6139,4.074,76.4,12.32,0.78
HUM Nutrition,Wellness,4405,0.6172,4.265,72.7,11.51,0.7778
SK-II,Cleansers,1918,0.6994,4.114,71.3,6.83,0.7771
Summer Fridays,Masks,9857,0.6246,4.035,75.6,10.89,0.7764
Sunday Riley,Treatments,8333,0.6752,4.31,68.6,9.22,0.7745
Drunk Elephant,Value & Gift Sets,888,0.6888,4.311,67.9,8.67,0.7741
Supergoop!,Sunscreen,12653,0.6466,4.069,73.4,10.39,0.7734
Lancôme,Cleansers,2178,0.7536,4.487,62.1,4.45,0.7733
Tatcha,Masks,942,0.7084,4.211,68.0,7.22,0.7719
SEPHORA COLLECTION,Masks,2592,0.6043,3.992,76.0,10.61,0.7716
Dr. Jart+,Treatments,2950,0.5963,3.969,76.5,11.97,0.7708
Drunk Elephant,Moisturizers,11114,0.6076,4.075,74.2,11.03,0.7703
MILK MAKEUP,Moisturizers,4243,0.683,4.061,71.0,7.71,0.7698
The INKEY List,Moisturizers,2144,0.5817,3.986,76.3,11.47,0.7685
FOREO,High Tech Tools,846,0.6369,3.907,75.1,14.07,0.7684
Mario Badescu,Treatments,488,0.4737,4.109,78.9,15.98,0.7678
fresh,Lip Balms & Treatments,8122,0.7071,4.32,65.4,6.05,0.7678
Clarins,Moisturizers,869,0.7219,4.362,63.9,6.1,0.7669
Herbivore,Moisturizers,4388,0.6343,4.277,68.9,11.1,0.7666
fresh,Mini Size,924,0.6218,4.004,73.6,9.96,0.766
Sol de Janeiro,Lip Balms & Treatments,1346,0.6862,4.126,68.6,6.17,0.7647
La Mer,Cleansers,279,0.6428,4.133,70.3,8.96,0.7643
Tata Harper,Cleansers,1280,0.7285,4.293,63.6,6.72,0.7627
Caudalie,Treatments,5028,0.6792,4.331,65.1,7.66,0.7626
La Mer,Mini Size,1441,0.6564,4.071,70.1,8.95,0.7622
Caudalie,Cleansers,3261,0.681,4.252,65.7,7.91,0.7603
Josie Maran,Sunscreen,788,0.7388,4.274,62.8,5.33,0.7602
La Mer,Eye Care,388,0.6317,3.959,72.2,9.79,0.7591
Isle of Paradise,Self Tanners,5598,0.621,3.865,73.6,12.63,0.7572
Algenist,Treatments,2045,0.6214,4.126,68.9,11.3,0.7549
fresh,Eye Care,1435,0.6388,4.153,67.7,8.71,0.7545
Dr. Barbara Sturm,Eye Care,260,0.6343,3.838,72.7,9.23,0.7542
COOLA,Sunscreen,1999,0.664,4.069,67.7,10.26,0.754
Farmacy,Sunscreen,300,0.5841,3.977,72.7,12.0,0.7539
Drunk Elephant,Cleansers,6068,0.6369,4.03,69.5,10.83,0.7537
Origins,Eye Care,1636,0.6635,4.257,64.7,7.82,0.7536
Isle of Paradise,Value & Gift Sets,354,0.6229,3.839,72.9,14.69,0.753
Mario Badescu,Mini Size,236,0.5614,3.953,73.7,10.59,0.7527
SEPHORA COLLECTION,Cleansers,5576,0.6257,4.143,67.9,9.95,0.7525
Mario Badescu,Moisturizers,712,0.5771,3.924,72.9,11.94,0.7503
Tatcha,Lip Balms & Treatments,1903,0.6396,3.947,69.8,8.67,0.7503
Mario Badescu,Cleansers,406,0.5229,4.005,73.9,14.29,0.7499
The INKEY List,Eye Care,3397,0.5617,3.86,74.4,11.66,0.7497
Shiseido,Eye Care,2350,0.6725,4.22,63.9,7.91,0.7494
Murad,Moisturizers,3066,0.6723,4.295,62.6,7.76,0.7491
tarte,Lip Balms & Treatments,205,0.5207,4.102,72.2,14.15,0.7488
Algenist,Moisturizers,2982,0.7137,4.429,58.4,6.17,0.7476
Tata Harper,Moisturizers,801,0.6997,4.119,63.7,9.11,0.747
Dr. Brandt Skincare,Cleansers,543,0.6291,4.309,63.7,9.94,0.7468
Kiehl's Since 1851,Value & Gift Sets,912,0.5783,3.852,72.9,11.4,0.7461
The INKEY List,Cleansers,9279,0.5824,3.865,72.3,12.43,0.7453
SK-II,Moisturizers,7479,0.6642,4.113,64.8,8.46,0.7449
Tata Harper,Eye Care,222,0.714,4.059,63.1,8.11,0.7434
Dr. Jart+,Mini Size,5029,0.6367,4.016,67.0,10.1,0.743
Origins,Moisturizers,9620,0.7612,4.366,56.1,4.54,0.7429
COOLA,Self Tanners,246,0.67,4.057,64.6,9.76,0.7418
fresh,Masks,6655,0.7369,4.364,56.8,5.3,0.7412
Drunk Elephant,Eye Care,2979,0.5785,3.896,70.6,12.66,0.7396
Biossance,Eye Care,1661,0.5942,3.943,68.9,11.68,0.7384
Tata Harper,Mini Size,437,0.6517,4.048,64.3,10.53,0.7368
tarte,Mini Size,271,0.5589,3.827,71.6,11.81,0.7358
Sunday Riley,Cleansers,1226,0.7156,3.941,62.7,7.34,0.735
Biossance,Lip Balms & Treatments,278,0.5886,3.871,69.1,13.31,0.7337
Herbivore,Masks,1939,0.632,4.24,61.3,11.24,0.7332
Kate Somerville,Moisturizers,3632,0.6842,4.264,58.4,7.13,0.7323
tarte,Treatments,439,0.5848,3.8,69.9,10.93,0.732
Algenist,Lip Balms & Treatments,644,0.5013,3.876,71.4,15.84,0.7282
ILIA,Sunscreen,635,0.6602,3.657,67.6,10.87,0.7268
Peter Thomas Roth,Treatments,10894,0.6288,4.33,58.3,10.02,0.7264
NuFACE,High Tech Tools,457,0.5803,3.836,68.1,14.44,0.726
Sunday Riley,Moisturizers,10567,0.6489,4.146,60.1,10.53,0.7255
MILK MAKEUP,Treatments,299,0.6265,3.726,67.6,11.04,0.7252
Josie Maran,Treatments,2379,0.6953,4.251,56.0,7.06,0.724
tarte,High Tech Tools,479,0.5682,4.182,62.6,11.9,0.7238
Biossance,Sunscreen,653,0.5471,3.867,68.5,14.7,0.7237
Shiseido,Cleansers,3254,0.5956,4.754,52.4,7.9,0.7233
Community Sixty-Six,Cleansers,375,0.6297,3.637,68.3,9.87,0.7231
Tata Harper,Treatments,604,0.6531,3.957,62.1,12.42,0.7224
Glow Recipe,Sunscreen,1295,0.631,3.758,65.4,12.66,0.7194
Supergoop!,Moisturizers,1443,0.6176,3.716,66.5,12.61,0.7187
Youth To The People,Eye Care,923,0.5847,3.841,65.9,12.03,0.7184
IT Cosmetics,Eye Care,1025,0.5707,4.004,63.2,12.39,0.7155
Caudalie,Moisturizers,10289,0.6942,4.312,51.4,6.39,0.7091
First Aid Beauty,Eye Care,624,0.5462,3.705,67.3,14.58,0.7089
CLINIQUE,Mini Size,4425,0.6446,4.525,50.0,7.21,0.7083
Tata Harper,Masks,1262,0.6743,4.212,53.2,9.27,0.7064
DERMAFLASH,High Tech Tools,470,0.4977,3.76,67.4,19.79,0.7044
Peter Thomas Roth,Eye Care,2852,0.579,3.927,61.2,12.66,0.7042
Supergoop!,Eye Care,445,0.6082,3.604,64.3,11.91,0.7013
Dr. Brandt Skincare,Treatments,1197,0.6422,4.023,55.9,10.19,0.6999
First Aid Beauty,Treatments,3610,0.6256,4.295,51.9,10.33,0.6979
Slip,Wellness,689,0.5835,3.925,59.1,14.22,0.6962
Origins,Masks,10009,0.6943,4.448,44.9,6.55,0.6915
La Mer,Lip Balms & Treatments,248,0.585,3.847,57.7,11.69,0.6859
tarte,Cleansers,2184,0.7119,4.397,42.8,6.32,0.6829
fresh,Cleansers,14047,0.7045,4.323,43.6,6.34,0.6803
Topicals,Treatments,1838,0.3614,3.661,68.6,23.94,0.6787
CLINIQUE,Moisturizers,12687,0.6324,4.179,47.8,8.08,0.6754
CLINIQUE,Treatments,4574,0.5888,4.105,50.4,10.19,0.6737
Sunday Riley,Value & Gift Sets,1729,0.6767,4.25,44.0,9.66,0.6724
Herbivore,Wellness,571,0.501,3.536,62.5,18.04,0.6713
Estée Lauder,Cleansers,232,0.6531,4.409,41.8,6.9,0.6696
Murad,Mini Size,4517,0.6343,4.361,43.1,9.67,0.6686
Drunk Elephant,Lip Balms & Treatments,1898,0.5614,3.736,55.7,12.54,0.6672
Bobbi Brown,Eye Care,656,0.6436,4.285,42.4,8.54,0.6625
CLINIQUE,Value & Gift Sets,483,0.6479,4.29,41.8,8.49,0.6613
Kate Somerville,Treatments,6975,0.5649,4.278,45.2,13.02,0.6597
First Aid Beauty,Moisturizers,13248,0.6267,4.389,40.3,9.56,0.6576
Origins,Treatments,2188,0.5155,4.058,50.3,14.4,0.6574
Origins,Cleansers,5197,0.7299,4.353,36.0,5.95,0.6563
First Aid Beauty,Cleansers,6392,0.656,4.354,38.3,8.14,0.6528
Kate Somerville,Cleansers,4473,0.6689,4.424,36.4,7.91,0.6515
Algenist,Cleansers,763,0.6896,4.29,37.5,6.82,0.6512
Dr. Brandt Skincare,Moisturizers,387,0.5939,3.938,46.5,12.92,0.6486
Peter Thomas Roth,Mini Size,4704,0.5981,4.408,38.8,11.73,0.6479
Peter Thomas Roth,Cleansers,2219,0.6744,4.384,35.6,7.8,0.6471
tarte,Moisturizers,4305,0.6572,4.332,36.0,7.9,0.6422
Algenist,Sunscreen,508,0.5879,4.413,37.2,11.61,0.64
SK-II,Masks,497,0.6977,4.314,33.6,7.04,0.6386
SEPHORA COLLECTION,Lip Balms & Treatments,1406,0.4714,3.324,58.3,19.27,0.6361
Dr. Brandt Skincare,Eye Care,254,0.586,4.012,41.3,12.6,0.6311
REN Clean Skincare,Masks,1787,0.6386,4.435,32.0,9.35,0.6295
Tatcha,Sunscreen,485,0.4318,3.396,56.3,24.12,0.6255
Peter Thomas Roth,Masks,3216,0.6459,4.405,31.1,9.08,0.6253
Koh Gen Do,Cleansers,284,0.6805,4.479,27.5,5.99,0.6214
REN Clean Skincare,Sunscreen,414,0.4961,3.35,52.7,17.87,0.6193
Jack Black,Lip Balms & Treatments,3613,0.6981,4.683,22.0,4.87,0.6155
CLINIQUE,Cleansers,16160,0.614,4.405,29.1,8.61,0.6118
Drunk Elephant,Sunscreen,2205,0.4791,3.306,51.7,18.96,0.6097
tarte,Eye Care,1198,0.6062,4.053,34.0,9.68,0.6078
Kate Somerville,Eye Care,437,0.5178,3.744,42.3,15.56,0.6064
GLO Science,Value & Gift Sets,779,0.5354,3.999,35.9,17.33,0.5999
CLINIQUE,Masks,750,0.6136,4.469,25.1,8.4,0.5995
CLINIQUE,Eye Care,8129,0.5859,3.994,33.6,9.5,0.5989
CLINIQUE,Sunscreen,1253,0.5539,4.051,33.8,12.61,0.5977
Clarins,Cleansers,589,0.716,4.458,19.0,6.11,0.5925
Murad,Cleansers,6385,0.6012,4.327,22.9,10.23,0.5795
Josie Maran,Moisturizers,12650,0.6512,4.397,19.0,7.87,0.5773
Rosebud Perfume Co.,Lip Balms & Treatments,12529,0.6692,4.537,13.8,6.01,0.5685
Evian,Moisturizers,2024,0.6326,4.536,15.2,5.48,0.5674
CLINIQUE,Lip Balms & Treatments,439,0.5202,4.189,11.8,12.07,0.5127
Murad,Wellness,512,0.4159,4.072,7.6,22.27,0.4703
